day	Stepan_Bandera	GIGN	Petr_Fiala_(politolog)	Demograf	Super_Bowl	Program_NSDAP	Jan_Pohan	Alessandro_Volta	Petter_Northug	Gerhard_Mercator	Terry_Pratchett	Vlasta_Korec	Ambra	Dadja_Altenburg-Kohl	Pony_Express	Terra_nullius	Bruce_Jenner	David_Navara	European_Train_Control_System	Pekka_Rinne	Eurovision_Song_Contest_2015	Hydrazin	Pierre_Brice	MERS	Svoboda_panoramatu	Josef_Masopust	Janis_Varufakis	Theobald_Czernin	Jules_Bianchi	Ladislav_Kantor	Ivan_Moravec	Perseidy	Aeronet.cz	Laibach	Villarreal_CF	Skopolamin	Nomofobie	Ztohoven	TV_JOJ	Sitatunga	Lupus	Ivan_Langer	Martin_Havelka	Miroslav_Toman_(1935)	Strana_spravedlnosti_a_rozvoje	Eagles_of_Death_Metal	Mali	Ortel	Miloslav_Ransdorf
20150102.tsv	170	0	12	0	17	0	0	23	0	0	80	0	11	0	0	0	0	13	11	0	0	16	37	0	11	26	0	0	0	0	0	0	0	12	11	13	0	13	21	0	17	27	0	0	0	0	65	0	0
20150103.tsv	1794	0	16	0	49	0	0	18	0	10	87	0	26	0	0	0	0	21	10	0	0	27	29	0	0	46	0	0	12	0	0	22	0	0	0	16	0	15	19	10	18	26	10	0	0	0	48	0	17
20150104.tsv	596	11	19	0	37	28	0	31	18	10	64	0	28	0	0	0	0	22	31	11	0	27	40	0	0	43	0	0	0	0	0	23	0	13	0	10	0	0	22	0	16	34	13	0	0	0	59	13	21
20150105.tsv	409	0	24	0	41	0	0	66	31	15	86	0	26	0	0	0	0	23	17	0	0	21	39	12	0	23	0	0	13	0	10	12	0	12	0	13	0	0	19	0	26	45	10	0	14	0	86	0	20
20150106.tsv	4238	11	28	0	30	19	0	40	15	0	99	0	16	0	0	21	0	28	18	0	0	45	38	0	0	20	0	0	0	0	0	0	0	18	0	32	0	17	23	0	27	31	0	0	10	0	141	18	18
20150107.tsv	3166	10	23	0	22	10	0	86	17	17	115	0	19	0	11	14	0	11	24	0	0	39	34	0	0	59	0	0	10	0	0	17	0	0	0	11	0	11	37	0	29	27	0	0	18	0	79	15	30
20150108.tsv	1053	56	13	0	31	21	0	67	18	13	99	0	34	0	0	0	0	0	14	0	0	35	25	0	0	21	0	0	0	0	0	13	0	11	10	0	0	0	21	15	38	22	11	0	0	0	61	0	15
20150109.tsv	1723	1877	26	0	24	0	0	54	33	11	95	0	23	0	0	0	0	15	10	0	0	28	25	0	0	36	0	10	11	0	0	19	0	0	0	11	0	13	27	0	26	14	0	0	0	0	77	0	21
20150110.tsv	680	929	20	0	25	13	0	56	11	0	78	0	32	0	0	0	0	18	11	0	0	24	12	0	0	25	0	0	0	0	0	11	0	13	0	0	0	11	26	0	33	20	0	0	0	0	63	13	11
20150111.tsv	1370	211	14	0	29	26	13	42	27	0	59	0	18	0	0	0	0	16	17	0	0	45	21	0	0	36	0	0	11	0	0	13	0	0	0	13	0	16	23	0	49	0	0	0	0	0	79	13	0
20150112.tsv	260	95	18	0	72	73	15	52	61	0	109	0	38	0	0	0	0	0	14	0	0	85	129	0	0	62	0	0	0	0	0	15	0	15	0	19	0	12	34	0	41	22	0	0	0	0	160	17	16
20150113.tsv	333	89	24	0	61	23	0	62	17	0	78	0	17	0	0	0	0	13	28	0	0	40	27	0	0	98	0	12	0	0	0	10	0	16	0	14	0	0	36	0	20	12	0	0	0	0	127	14	14
20150114.tsv	589	55	22	0	35	20	0	72	0	0	96	0	20	0	0	0	0	27	20	0	0	33	17	0	0	69	0	0	0	0	0	19	0	10	0	21	11	21	28	0	32	20	11	0	0	0	78	0	11
20150115.tsv	229	21	2380	0	43	0	0	86	0	18	89	0	38	0	0	0	0	0	18	0	0	63	21	0	0	49	0	0	0	0	0	13	0	15	0	20	0	0	40	0	51	34	0	0	11	0	92	11	14
20150116.tsv	274	20	43	0	31	11	0	88	10	0	64	0	36	0	0	0	11	23	29	0	0	53	17	0	11	41	0	0	0	0	11	11	0	10	0	11	0	22	24	0	17	18	0	0	0	0	99	17	10
20150117.tsv	194	23	11	0	40	19	0	30	0	11	75	0	22	15	10	0	12	10	18	0	0	31	22	0	0	26	0	0	0	0	0	22	0	0	0	21	0	17	38	0	38	28	0	0	0	0	92	13	10
20150118.tsv	147	25	49	0	27	13	0	27	32	14	72	0	16	0	0	0	14	18	15	0	0	55	14	0	0	127	0	10	0	0	0	18	0	13	0	18	0	13	27	0	24	19	11	0	0	0	101	0	11
20150119.tsv	130	15	25	0	61	15	11	47	16	0	89	0	26	0	0	0	0	16	10	0	0	34	14	0	0	79	0	0	0	0	0	17	0	15	10	18	0	20	24	10	31	20	0	0	0	13	77	18	12
20150120.tsv	156	10	20	0	117	15	0	45	0	13	72	0	24	0	0	0	0	17	19	0	0	46	15	0	0	48	0	0	0	0	0	17	0	15	0	20	13	12	34	0	27	25	13	0	11	10	73	0	0
20150121.tsv	138	15	11	0	58	15	0	56	0	0	68	0	39	0	0	0	0	18	20	0	0	37	27	0	0	44	0	0	0	0	0	21	0	14	0	12	0	17	24	0	35	10	15	0	0	0	103	10	11
20150122.tsv	272	11	32	80	46	10	0	50	0	0	75	0	37	0	0	0	0	24	15	0	0	34	15	0	0	24	0	0	0	0	0	13	0	17	15	0	0	21	33	0	22	23	16	0	0	0	78	0	17
20150123.tsv	123	0	38	963	67	18	0	31	0	13	74	0	22	0	0	0	0	0	0	0	0	26	30	0	0	36	0	0	0	0	12	0	0	10	0	20	12	15	18	0	38	20	21	0	0	0	69	0	11
20150124.tsv	117	0	19	969	55	15	0	17	10	13	58	0	31	0	0	0	12	13	0	0	0	20	23	0	0	23	0	10	18	0	0	11	0	10	10	17	0	15	10	0	43	24	0	0	0	0	66	0	11
20150125.tsv	163	0	21	1398	26	21	0	22	0	0	53	0	57	0	0	0	0	14	0	0	0	18	0	0	0	18	0	0	0	0	0	15	0	0	16	14	0	0	0	0	32	21	0	0	0	0	99	0	16
20150126.tsv	142	11	18	1549	33	0	0	42	0	13	74	0	29	50	0	0	14	12	14	0	0	26	10	0	0	23	0	13	10	0	0	10	0	10	10	14	0	10	12	0	31	13	0	0	0	0	65	0	12
20150127.tsv	146	0	22	1513	200	21	0	40	0	0	96	0	27	10	0	0	0	10	21	0	0	26	27	0	0	42	0	10	0	0	0	0	0	0	0	14	0	16	14	0	33	23	0	0	0	0	179	0	12
20150128.tsv	132	10	23	348	88	14	0	58	0	13	72	0	31	0	13	10	0	11	12	0	0	29	25	0	0	41	0	17	0	0	0	0	0	0	13	13	0	16	0	0	32	26	13	0	0	0	147	0	11
20150129.tsv	90	0	18	0	111	27	0	65	0	0	71	0	24	0	0	0	230	13	15	0	0	59	19	0	0	25	0	13	0	0	0	11	0	13	0	15	0	0	11	0	40	14	0	0	0	0	143	0	12
20150130.tsv	202	0	35	0	135	10	0	34	0	0	62	0	19	0	0	0	29	10	0	0	0	37	18	0	0	31	0	19	21	0	0	0	0	17	10	15	11	14	11	0	37	17	11	10	0	0	106	0	11
20150131.tsv	120	0	56	0	142	0	0	24	0	12	58	0	19	0	0	0	0	0	15	0	0	18	31	0	0	36	0	0	12	0	0	0	0	10	18	15	41	22	12	0	40	31	0	0	0	0	101	0	15
20150201.tsv	90	0	13	0	175	15	0	11	0	0	54	0	31	0	0	0	69	0	0	0	0	14	18	0	0	20	0	12	0	0	0	0	0	0	14	15	0	0	20	0	27	11	0	0	0	0	77	0	10
20150202.tsv	121	0	19	0	685	16	0	24	0	0	59	0	18	0	0	0	35	0	18	0	0	28	29	0	0	28	0	0	0	0	0	0	0	11	32	12	20	11	0	0	28	21	11	0	0	0	77	0	0
20150203.tsv	75	0	29	0	1252	116	0	61	0	0	80	0	26	0	0	0	13	0	22	0	0	26	24	0	0	22	0	0	0	0	0	0	0	0	18	14	19	13	0	0	49	23	0	0	0	0	72	0	12
20150204.tsv	1987	0	20	0	400	184	0	33	0	0	77	0	18	0	12	0	13	11	19	0	0	28	19	0	0	37	0	0	10	11	0	0	0	10	15	20	0	0	0	0	30	14	11	0	0	0	76	13	14
20150205.tsv	602	15	24	0	165	105	0	155	12	0	77	0	14	0	0	0	21	10	14	0	0	35	17	11	0	37	0	0	0	0	0	11	0	12	11	14	0	14	14	0	40	22	0	0	0	0	57	19	15
20150206.tsv	176	0	14	0	87	1389	0	36	0	0	80	0	16	0	0	0	19	15	12	0	0	16	23	0	0	24	0	0	0	0	0	0	0	10	0	22	0	14	0	0	30	341	0	0	0	0	88	0	20
20150207.tsv	138	0	32	0	103	63	0	39	19	0	71	0	17	0	0	0	29	40	11	0	0	13	80	0	0	23	0	0	12	0	0	0	0	11	0	17	0	0	0	0	34	92	20	0	0	0	84	0	28
20150208.tsv	200	0	11	0	82	28	0	23	16	0	69	0	18	0	12	0	21	15	0	0	0	11	57	0	0	39	0	0	11	0	0	0	0	13	10	13	0	13	11	0	26	36	11	0	0	0	48	0	27
20150209.tsv	88	0	13	0	86	29	0	41	16	0	83	0	22	0	11	0	148	16	17	0	0	34	20	0	0	40	0	0	16	0	0	14	0	17	16	12	11	11	14	0	27	19	10	0	0	0	76	0	20
20150210.tsv	92	12	24	0	53	25	0	33	0	0	86	0	34	0	0	0	36	20	22	0	0	32	18	0	14	163	0	0	0	0	0	19	0	16	14	21	0	13	10	0	23	27	0	0	0	0	70	12	11
20150211.tsv	96	0	17	0	62	21	0	44	0	0	65	0	20	0	0	0	19	86	15	0	0	32	17	0	0	48	0	0	13	0	0	0	0	15	17	15	0	17	0	0	45	33	0	0	0	0	72	0	11
20150212.tsv	384	0	28	0	38	14	14	33	0	0	80	0	35	12	0	0	12	25	12	13	0	43	46	0	0	29	0	0	0	0	0	0	0	11	10	10	0	15	17	0	68	24	0	0	0	0	56	11	14
20150213.tsv	118	0	25	0	54	12	0	38	0	0	70	0	41	0	0	0	0	10	0	0	0	28	20	0	0	22	0	0	0	0	0	0	0	22	10	11	54	0	10	0	31	14	17	0	0	0	66	0	16
20150214.tsv	88	0	21	0	38	22	939	31	0	0	82	0	24	0	0	0	0	0	0	0	0	17	13	0	0	27	0	0	11	0	0	0	0	18	11	13	0	0	12	0	22	29	11	0	0	0	62	0	20
20150215.tsv	108	0	22	0	31	15	382	14	18	0	54	0	14	0	0	0	0	12	0	0	0	20	15	0	0	45	0	0	0	0	0	10	0	15	0	11	0	0	0	0	15	14	0	0	0	0	50	0	14
20150216.tsv	75	0	17	0	20	20	136	24	13	0	64	0	22	0	0	0	10	12	0	0	0	25	26	0	0	32	0	0	12	0	0	11	0	15	19	10	0	13	0	0	12	17	14	0	0	0	40	0	32
20150217.tsv	133	0	0	0	35	13	123	52	0	0	65	0	18	0	0	0	12	15	20	0	14	28	21	0	0	42	0	0	0	0	0	0	0	15	13	12	15	0	0	0	31	23	0	0	0	0	62	0	144
20150218.tsv	113	0	23	0	31	10	58	64	11	0	70	0	13	0	10	0	10	0	10	0	25	25	20	0	0	62	0	0	0	0	0	12	0	18	0	18	12	19	0	0	38	15	0	0	0	0	80	10	123
20150219.tsv	140	0	22	0	24	24	44	13630	0	0	66	0	24	0	0	0	10	13	18	16	0	19	16	27	0	40	22	12	14	0	0	0	0	18	0	0	12	0	10	0	27	15	11	27	0	0	49	0	79
20150220.tsv	118	0	10	0	21	12	26	212	340	0	79	0	27	0	0	0	13	11	0	0	0	21	11	0	0	42	23	0	0	0	11	0	0	16	19	21	15	15	12	0	34	21	0	0	0	0	56	0	40
20150221.tsv	102	0	13	0	22	15	42	63	151	0	73	0	25	0	0	0	0	10	0	0	11	20	10	31	0	24	21	0	0	0	0	10	0	22	0	14	10	12	0	0	24	29	10	0	0	0	56	0	148
20150222.tsv	78	0	0	0	11	0	41	22	86	16	67	0	17	0	0	0	10	0	0	0	0	18	21	0	0	33	19	0	0	15	0	0	0	14	10	25	0	11	0	0	19	16	12	0	0	0	35	0	61
20150223.tsv	108	0	12	0	38	12	30	37	115	21	65	0	26	0	0	0	10	0	11	0	19	27	10	0	0	23	23	0	16	0	0	0	0	11	12	19	0	22	0	0	19	15	0	0	0	0	56	10	91
20150224.tsv	128	0	12	0	37	16	41	41	50	0	100	0	19	0	0	0	0	16	17	0	16	34	25	0	0	35	15	13	15	0	0	15	0	14	10	19	14	31	0	0	38	13	14	0	0	0	207	11	68
20150225.tsv	93	15	12	0	27	18	35	59	42	0	79	0	19	0	0	0	0	23	17	0	15	33	24	0	0	28	19	12	11	0	0	15	0	13	11	0	13	23	0	0	34	32	11	0	0	0	121	11	44
20150226.tsv	69	0	11	0	25	14	28	46	54	0	86	0	21	10	0	0	0	0	11	0	12	27	29	0	0	27	38	11	13	0	0	0	0	17	13	25	10	19	14	0	25	25	0	0	0	0	121	10	40
20150227.tsv	83	0	23	0	23	0	35	29	28	0	71	11	23	0	0	0	0	15	11	0	12	30	21	0	0	34	13	0	10	0	0	15	0	0	0	25	13	0	0	29	23	23	18	0	0	0	104	0	26
20150228.tsv	93	0	19	0	17	13	78	23	97	0	60	0	30	66	0	0	0	19	11	0	18	21	19	0	0	28	24	0	16	0	0	12	0	17	18	0	0	0	0	0	68	19	23	0	0	0	75	0	23
20150301.tsv	43	0	12	0	24	17	155	18	54	0	60	0	23	34	0	0	0	17	0	0	14	13	16	0	0	31	28	0	10	0	0	0	0	23	26	0	0	0	0	0	53	10	13	0	0	0	68	0	17
20150302.tsv	57	0	60	0	27	16	212	52	1364	0	74	0	24	14	0	0	10	14	12	0	17	17	15	0	0	25	19	0	0	0	0	0	0	0	44	0	10	12	19	10	36	24	0	0	0	0	99	0	19
20150303.tsv	49	0	22	0	29	20	129	71	651	11	85	0	27	22	10	0	0	14	18	0	0	22	13	0	0	29	17	0	11	0	0	0	0	25	16	13	11	12	0	0	28	30	16	0	0	0	93	0	18
20150304.tsv	46	0	21	0	17	21	48	147	91	10	87	0	22	26	0	0	0	19	0	0	0	24	19	0	0	68	17	0	10	0	0	11	0	19	10	12	10	13	12	0	28	29	10	0	0	0	87	12	15
20150305.tsv	59	0	13	0	20	0	32	48	46	10	103	0	27	15	0	0	0	16	10	0	0	36	13	0	0	41	0	0	0	0	0	0	0	17	19	16	0	0	10	0	25	27	24	0	0	0	91	0	13
20150306.tsv	99	0	29	0	21	16	29	78	40	45601	96	0	11	0	0	0	0	25	12	0	16	24	19	0	0	38	0	0	16	0	0	0	0	19	14	0	10	10	0	0	26	25	0	0	0	0	80	0	14
20150307.tsv	75	0	19	0	17	12	80	81	55	252	107	0	26	0	0	0	0	29	12	0	13	22	18	0	0	26	14	11	12	0	0	0	0	0	0	10	0	0	0	0	24	26	15	0	0	0	159	0	0
20150308.tsv	55	0	16	0	25	11	38	17	20	39	78	0	26	10	0	0	0	14	11	0	19	27	16	0	0	25	12	10	0	0	0	0	20	10	17	0	0	0	0	0	18	20	0	0	0	0	120	10	0
20150309.tsv	47	0	17	0	22	12	103	22	21	42	88	0	19	0	0	0	0	43	12	0	16	19	21	0	0	31	17	0	0	0	0	0	23	15	19	10	0	0	0	0	13	21	0	0	0	0	120	0	0
20150310.tsv	52	0	17	0	38	17	62	35	18	60	116	10	20	0	0	0	0	29	0	0	20	36	21	0	0	31	14	0	0	0	0	0	15	19	15	10	0	16	0	0	29	37	21	0	0	0	105	0	15
20150311.tsv	53	0	0	0	23	24	33	79	18	39	209	0	11	0	0	0	0	26	21	0	22	26	15	0	0	35	78	0	15	0	0	18	0	11	0	19	0	0	0	0	17	25	0	13	0	0	81	0	28
20150312.tsv	60	0	22	0	13	23	31	92	19	31	146	10	19	0	0	0	24	27	0	0	26	29	18	13	0	24	15	0	22	0	0	0	15	23	0	10	0	0	13	0	31	20	0	0	0	0	55	0	25
20150313.tsv	65	0	47	0	14	11	10	72	17	24	6175	0	19	0	0	0	0	13	13	0	16	28	19	0	0	30	12	0	11	0	0	0	0	17	20	0	0	10	0	0	30	20	0	0	0	0	61	0	15
20150314.tsv	63	0	14	0	21	0	26	87	11	19	3224	0	21	0	0	0	0	25	13	0	11	27	0	0	0	35	0	0	13	0	0	0	11	38	0	0	0	10	0	0	20	30	0	0	0	0	90	0	14
20150315.tsv	58	0	15	0	24	0	21	25	30	12	1650	0	21	0	0	0	11	23	11	0	22	12	18	0	0	30	14	0	14	0	0	0	12	37	10	0	0	10	0	0	14	14	19	0	0	0	108	10	11
20150316.tsv	56	12	21	0	12	14	127	64	17	23	1373	0	25	0	0	0	0	27	0	0	31	35	23	0	0	30	0	0	15	0	10	10	0	44	21	0	13	11	0	0	22	25	10	0	0	0	98	0	16
20150317.tsv	45	0	14	0	16	10	63	44	24	14	836	0	18	0	0	0	0	24	11	0	39	35	17	0	0	542	23	0	0	0	0	13	0	27	0	13	0	11	0	0	27	20	0	0	11	0	123	0	14
20150318.tsv	43	0	0	0	22	24	27	37	10	17	512	10	16	0	0	0	0	16	0	0	21	19	13	0	18	390	0	0	11	0	0	0	12	28	0	16	0	14	0	0	36	20	0	0	0	0	89	10	15
20150319.tsv	44	0	11	0	28	11	16	55	0	15	381	0	25	0	0	0	15	11	10	0	0	32	0	0	0	35	11	0	0	0	0	16	39	33	0	11	182	0	0	0	43	36	13	0	0	0	78	13	21
20150320.tsv	34	0	11	0	23	14	11	40	0	11	337	2390	27	0	0	0	0	0	10	0	19	15	12	10	0	45	0	10	0	0	0	0	17	27	16	14	11	0	0	0	34	23	0	0	0	0	97	11	31
20150321.tsv	46	0	0	0	11	0	17	50	0	20	310	566	13	11	0	0	19	20	0	0	15	26	17	0	0	41	0	0	11	0	0	18	19	15	0	0	0	0	0	0	65	14	0	0	0	0	78	0	13
20150322.tsv	35	0	10	0	26	18	16	15	13	0	244	0	17	0	0	0	0	14	11	0	13	19	17	0	0	29	21	0	13	0	0	13	13	23	10	0	0	0	0	0	22	16	0	0	0	0	60	0	0
20150323.tsv	51	0	0	0	16	19	40	41	12	11	265	18	19	0	0	0	0	14	0	0	28	30	15	0	0	37	0	0	10	0	0	0	14	18	15	14	0	0	0	0	43	16	0	11	0	0	49	0	15
20150324.tsv	63	0	0	0	14	18	32	37	0	10	279	16	12	0	0	0	0	16	12	0	22	27	22	0	0	32	10	0	0	0	0	11	14	42	0	16	18	12	0	0	51	57	0	0	0	0	80	13	10
20150325.tsv	48	0	10	0	11	24	20	36	0	0	200	0	31	0	0	0	0	14	17	0	0	23	105	0	11	89	0	0	0	0	0	0	32	50	13	0	11	50	13	0	28	20	0	13	0	0	66	0	17
20150326.tsv	50	0	10	0	30	0	14	43	0	10	251	11	24	0	0	0	69	10	19	0	12	32	142	0	0	50	0	0	10	0	0	0	15	78	0	0	10	23	12	0	41	22	0	0	12	0	62	0	14
20150327.tsv	43	0	11	0	28	12	11	62	13	15	226	11	19	0	0	0	18	19	0	0	10	27	46	0	0	40	0	0	0	0	0	0	13	30	0	22	0	21	0	0	43	24	0	0	0	0	59	0	14
20150328.tsv	37	0	10	0	10	0	0	17	0	0	197	0	19	0	0	0	0	20	0	0	12	17	39	0	0	43	0	0	0	0	0	0	23	21	11	10	0	16	11	0	29	10	0	0	0	0	56	0	40
20150329.tsv	31	0	0	0	25	18	10	35	0	0	131	0	12	45	0	0	0	15	10	0	14	16	43	0	0	24	0	0	11	0	10	0	0	22	0	0	0	11	11	0	15	22	10	0	0	0	56	0	55
20150330.tsv	37	0	11	0	22	16	17	92	0	13	182	0	22	25	0	0	0	12	19	0	12	25	42	0	0	54	0	0	20	0	0	0	16	25	0	12	16	11	12	0	17	0	0	0	0	0	59	14	31
20150331.tsv	34	0	14	0	24	17	24	80	0	0	205	0	3606	12	0	0	0	14	44	0	0	23	41	0	0	37	10	0	0	0	0	0	29	11	0	18	27	12	12	0	41	0	0	0	0	21	75	0	24
20150401.tsv	37	10	13	0	16	22	0	78	0	16	213	10	1634	21	0	0	0	28	11	0	11	25	20	0	0	22	17	0	0	0	0	0	23	15	0	18	15	10	0	0	27	18	10	0	0	0	92	12	37
20150402.tsv	47	0	0	0	22	0	12	48	0	0	126	0	134	2518	0	0	0	14	16	0	11	24	28	0	0	27	0	15	0	0	0	0	29	20	0	0	23	0	0	0	31	23	0	0	0	11	46	0	17
20150403.tsv	73	0	10	0	17	19	15	22	0	0	108	17	78	1580	0	0	0	16	19	0	0	17	21	0	0	25	0	0	0	0	0	0	35	22	0	25	11	0	0	0	26	23	0	0	0	12	65	10	26
20150404.tsv	52	0	11	0	15	14	11	16	11	11	123	2154	49	441	0	0	0	36	11	0	22	11	23	16	0	20	0	0	0	0	0	0	20	12	0	12	0	12	10	0	23	11	10	0	0	0	76	0	13
20150405.tsv	41	0	10	0	12	0	11	22	13	0	100	1502	32	209	0	0	0	12	0	0	24	10	22	0	0	38	0	0	0	10	0	0	10	0	0	11	0	0	0	0	26	14	0	0	0	0	53	12	12
20150406.tsv	43	0	10	0	17	22	41	19	0	0	104	1376	32	133	0	0	10	0	0	0	26	13	15	0	0	24	0	0	0	0	0	0	13	10	15	0	0	0	10	0	17	19	11	0	0	0	57	0	13
20150407.tsv	68	0	10	0	13	10	24	28	10	0	127	3320	29	129	0	0	30	10	0	0	12	21	33	0	0	29	17	16	10	0	12	0	12	0	0	18	0	10	10	0	25	22	12	0	0	0	108	10	12
20150408.tsv	38	0	16	0	13	19	14	40	0	0	157	1608	33	114	0	0	0	19	15	0	0	22	18	0	0	68	11	0	0	0	0	0	31	10	0	11	11	0	12	0	27	29	14	0	0	0	63	0	19
20150409.tsv	40	0	0	0	16	0	13	109	0	14	142	38	45	150	0	0	13	0	13	0	17	27	18	0	0	37	16	0	0	0	0	0	0	14	0	16	0	11	11	10	31	27	16	0	10	0	66	0	16
20150410.tsv	101	0	0	0	21	0	11	72	0	0	136	14	41	92	10	0	0	10	17	0	23	22	14	0	0	26	11	14	0	0	0	0	19	0	11	11	0	18	0	0	30	27	0	0	0	0	69	0	11
20150411.tsv	308	0	0	0	17	0	0	20	0	12	99	13	29	39	0	0	12	0	17	0	0	21	35	0	0	27	0	0	0	0	0	10	10	27	0	14	0	10	13	0	36	17	0	0	0	0	68	0	11
20150412.tsv	36	0	0	0	13	0	0	16	0	0	82	0	25	43	0	0	0	0	14	0	22	13	19	0	0	46	0	0	0	0	0	10	12	0	0	10	0	0	0	0	26	12	13	0	0	0	46	0	10
20150413.tsv	70	0	19	0	22	19	22	50	14	11	115	10	21	50	0	0	12	0	0	0	21	14	35	0	0	34	0	0	13	0	0	0	0	18	0	16	0	11	0	0	30	16	0	0	10	0	86	10	0
20150414.tsv	64	0	0	0	26	15	19	66	0	0	133	0	47	41	416	42	0	25	0	0	17	23	21	0	0	27	0	0	0	0	0	14	51	0	0	0	0	0	42	0	40	30	0	0	0	0	63	0	12
20150415.tsv	67	0	13	0	23	11	16	81	0	0	98	0	31	39	11087	719	0	18	16	0	14	13	28	0	0	22	0	0	0	0	0	0	55	0	0	0	0	0	0	0	43	24	11	0	11	0	80	0	17
20150416.tsv	86	0	13	0	10	0	0	30	0	0	101	0	34	28	277	1149	63	10	19	0	17	19	16	0	0	31	0	0	10	0	0	0	39	11	0	0	16	0	0	0	36	19	0	0	11	0	75	0	11
20150417.tsv	86	0	11	0	21	15	13	64	0	0	100	0	27	27	59	540	21	17	16	0	32	29	26	0	0	23	0	0	0	0	0	0	51	10	0	0	11	0	0	0	46	57	0	0	0	10	142	0	11
20150418.tsv	125	0	10	0	21	0	0	35	0	0	66	0	27	23	41	316	0	0	13	0	30	20	23	0	0	40	10	0	0	0	0	14	45	19	0	10	0	12	15	0	37	34	14	0	0	0	69	0	0
20150419.tsv	89	10	0	0	17	0	12	35	0	11	97	0	19	34	25	318	0	17	10	0	23	18	29	0	0	16	0	0	0	0	0	0	31	13	0	12	0	11	10	0	18	22	42	0	0	0	59	16	10
20150420.tsv	69	0	30	0	20	11	80	33	0	0	102	10	25	37	21	405	0	0	0	0	66	27	46	0	0	22	0	10	10	0	0	14	23	10	15	10	0	15	0	0	33	28	0	0	0	0	55	0	14
20150421.tsv	71	0	22	0	18	15	39	46	0	0	96	0	84	24	16	699	11	13	19	0	24	30	44	0	0	35	16	0	0	0	0	12	41	19	0	13	11	0	13	14	46	29	10	0	0	0	59	0	21
20150422.tsv	62	0	15	0	10	15	77	58	0	12	93	0	46	46	43	614	10	0	17	0	25	21	27	0	0	22	10	0	0	0	0	14	25	0	0	18	21	12	0	0	37	40	0	0	0	0	57	0	15
20150423.tsv	46	0	0	0	19	0	18	42	0	0	106	0	26	30	18	414	15	18	16	0	22	31	31	0	0	40	0	0	14	0	0	13	28	18	0	10	0	10	0	0	41	38	13	0	0	0	101	0	10
20150424.tsv	109	0	18	0	12	31	31	46	0	0	140	0	37	23	12	172	10	19	14	0	19	19	18	0	0	18	10	0	0	0	0	20	14	0	0	30	0	14	15	12	39	29	23	0	0	0	85	0	0
20150425.tsv	101	11	11	0	21	10	15	23	0	12	84	0	23	30	13	195	151	17	18	0	27	24	26	0	0	23	18	13	0	0	0	14	17	16	0	12	0	0	13	0	43	18	0	0	0	0	71	0	10
20150426.tsv	89	12	0	0	16	10	16	37	0	0	70	0	17	34	11	93	270	21	10	17	31	20	23	0	0	16	18	0	0	0	11	13	0	0	0	0	11	11	13	0	13	14	0	0	0	0	44	0	0
20150427.tsv	176	0	0	0	18	0	36	51	0	0	103	0	21	21	0	219	161	12	0	13	15	10	36	0	0	26	104	0	0	0	0	16	28	17	0	31	13	0	12	0	18	12	10	0	18	0	69	11	10
20150428.tsv	653	0	0	0	0	15	32	107	0	19	106	0	22	17	0	170	141	19	0	13	17	26	15	0	0	22	96	0	10	0	0	0	18	0	0	21	14	15	0	0	16	19	12	0	10	0	74	0	10
20150429.tsv	1032	0	0	0	21	36	0	51	0	0	129	0	37	23	17	83	184	26	0	23	15	24	10	0	0	20	18	0	0	0	0	0	17	18	0	27	0	10	13	0	19	20	12	0	0	0	77	0	64
20150430.tsv	165	0	10	0	16	11	10	68	0	0	110	0	33	12	0	78	42	21	10	30	23	27	20	0	0	39	49	0	0	0	0	0	17	0	12	17	0	11	0	0	23	12	19	0	0	0	59	0	15
20150501.tsv	114	0	0	0	12	14	0	22	11	0	93	10	13	17	0	107	60	26	0	24	21	30	24	0	0	18	0	0	0	0	0	0	13	17	0	15	0	16	0	0	18	12	0	0	0	0	49	0	40
20150502.tsv	99	0	0	0	21	12	12	0	10	0	66	11	22	0	0	54	27	2481	12	143	16	14	48	0	0	15	0	0	0	0	0	0	0	18	0	0	0	0	0	0	22	0	10	0	0	0	49	0	34
20150503.tsv	74	0	0	0	10	0	0	29	0	0	77	0	18	0	0	64	14	1981	0	22	13	20	40	0	0	38	0	0	0	0	0	13	12	28	0	11	0	18	0	0	19	15	0	0	0	0	42	0	20
20150504.tsv	83	0	0	0	16	20	17	57	0	13	91	0	29	10	0	289	22	446	0	25	22	22	38	0	0	21	0	0	0	0	0	0	10	13	0	14	0	0	0	0	18	24	13	0	11	0	60	0	15
20150505.tsv	61	0	0	0	0	31	0	70	0	15	101	0	18	11	0	76	18	323	10	23	21	19	26	0	0	17	0	0	0	0	0	0	13	10	0	14	0	0	0	0	18	19	0	0	0	0	71	0	10
20150506.tsv	81	0	19	0	11	0	10	66	0	0	104	0	19	12	10	43	29	178	11	34	21	14	16	0	0	37	0	0	0	0	0	12	20	0	0	11	10	0	0	10	18	22	0	0	0	0	65	0	0
20150507.tsv	71	0	18	0	13	17	10	82	0	0	100	0	21	13	0	40	32	152	14	14	49	15	24	0	0	16	0	11	0	0	0	0	44	12	0	17	0	10	13	0	12	21	16	0	0	0	54	10	0
20150508.tsv	88	0	0	0	28	0	11	48	0	13	92	0	30	0	0	37	30	78	13	14	24	20	10	0	0	16	0	0	0	0	0	10	10	15	0	15	0	0	0	0	32	22	0	0	0	0	77	0	20
20150509.tsv	131	0	0	0	19	18	0	12	0	12	75	0	21	0	0	30	26	72	11	36	14	21	17	0	0	29	0	0	0	0	0	0	11	10	0	14	0	0	0	0	12	20	0	0	10	0	41	0	12
20150510.tsv	152	0	0	0	20	24	11	25	0	0	74	0	27	10	12	246	22	53	0	68	24	20	23	0	0	21	0	0	0	0	0	0	19	11	0	15	16	0	12	0	12	15	12	0	0	0	49	0	11
20150511.tsv	112	0	0	0	13	26	15	37	0	0	97	0	32	20	0	413	20	32	14	41	19	27	18	0	0	18	0	0	0	0	0	13	0	14	0	10	0	0	0	0	25	17	13	0	0	0	52	15	11
20150512.tsv	60	0	11	0	26	0	18	49	0	0	100	0	23	13	14	192	20	58	1991	177	25	26	10	0	0	27	0	0	0	0	0	18	10	11	0	23	0	10	48	0	117	22	10	0	10	0	50	12	19
20150513.tsv	66	0	0	0	12	25	0	72	0	0	91	0	15	15	0	183	14	53	541	474	19	23	12	0	0	16	0	0	0	0	0	11	14	0	0	14	0	12	10	0	78	23	12	0	0	0	56	0	10
20150514.tsv	40	0	0	0	15	21	0	45	0	0	111	0	25	0	0	88	12	43	24	709	26	17	0	0	0	41	0	0	10	0	15	10	59	13	0	14	0	14	0	0	55	13	12	0	0	0	105	0	10
20150515.tsv	32	0	0	0	30	10	0	68	19	0	91	0	31	14	0	74	11	33	30	1094	20	28	10	0	0	40	0	0	0	0	13	0	32	0	0	18	0	10	15	0	28	10	0	0	0	0	87	0	0
20150516.tsv	35	0	0	0	14	0	0	23	0	14	95	0	0	10	0	89	0	50	17	321	31	24	10	0	0	27	0	0	0	0	0	0	0	11	0	0	0	0	10	0	36	19	12	0	0	0	56	11	0
20150517.tsv	29	0	0	0	11	13	0	13	0	11	108	0	18	0	12	79	20	53	0	110	31	19	0	0	0	16	0	0	0	0	0	12	0	10	0	14	0	0	0	0	35	14	0	0	0	0	38	0	11
20150518.tsv	28	0	12	0	12	16	20	61	0	13	103	0	10	0	0	198	18	32	0	71	33	28	12	0	0	24	0	0	0	0	0	10	12	19	0	12	15	0	0	0	32	29	19	0	0	0	64	10	0
20150519.tsv	43	0	0	0	12	21	20	70	0	13	125	0	13	0	0	95	34	40	11	56	54	34	10	0	0	41	0	10	0	0	0	12	0	10	0	18	14	0	0	0	26	0	19	0	0	0	75	11	0
20150520.tsv	27	0	0	0	25	14	0	87	0	0	128	0	30	11	0	70	56	23	12	31	185	45	12	0	0	35	22	0	0	0	0	15	0	0	0	27	0	0	0	0	187	22	0	0	0	0	74	0	15
20150521.tsv	43	0	12	0	11	0	17	54	0	18	137	0	26	0	11	157	28	35	19	36	232	22	17	0	0	72	0	0	0	0	0	13	11	12	0	12	20	16	15	10	155	26	11	0	0	0	80	11	11
20150522.tsv	53	0	14	0	15	10	12	99	0	12	111	11	23	13	0	98	17	36	17	18	292	29	17	17	0	62	0	0	0	0	0	14	24	0	10	11	0	14	0	0	55	24	0	0	0	0	43	11	10
20150523.tsv	39	0	10	0	13	13	0	50	0	0	116	0	20	0	0	156	14	88	36	16	324	17	16	0	0	37	0	0	26	0	0	0	74	31	0	12	0	0	0	0	28	17	0	0	0	0	52	0	29
20150524.tsv	35	0	0	0	17	0	18	17	0	16	76	0	23	0	0	309	16	28	13	16	572	24	14	0	0	18	0	0	10	0	0	10	59	10	0	13	0	0	0	0	0	16	17	0	0	0	47	14	19
20150525.tsv	43	0	0	0	16	14	29	45	0	15	416	0	18	0	0	157	16	32	0	16	621	25	26	0	0	58	0	10	0	0	0	13	49	10	0	37	20	12	11	0	17	21	19	0	0	0	72	0	0
20150526.tsv	61	10	0	0	18	12	16	79	0	25	145	0	27	0	0	173	11	24	18	18	181	25	14	0	0	81	0	0	0	0	0	23	16	22	0	25	0	14	21	0	15	18	34	0	0	0	65	0	17
20150527.tsv	49	0	12	0	10	0	12	85	0	12	122	0	25	0	13	94	21	28	22	10	103	34	0	0	0	58	0	0	0	0	0	0	24	16	0	0	15	11	23	0	17	34	0	0	0	0	67	0	13
20150528.tsv	39	0	0	0	20	0	0	68	0	38	89	0	26	22	0	75	14	22	19	13	95	21	16	0	0	43	0	0	0	0	0	18	0	13	10	10	17	0	10	0	19	23	13	0	0	0	62	0	18
20150529.tsv	44	0	16	0	19	0	0	66	0	0	87	0	25	0	0	81	17	14	15	0	50	24	22	33	0	39	0	0	0	0	0	10	0	14	0	0	0	0	0	0	12	15	0	0	0	0	37	0	16
20150530.tsv	38	0	21	0	15	11	15	29	0	12	188	0	29	0	0	60	13	10	15	0	78	31	15	196	0	23	12	0	0	0	0	12	0	16	0	0	10	0	0	0	0	21	0	0	0	0	38	10	0
20150531.tsv	24	0	18	0	0	0	10	17	0	12	63	0	25	12	0	50	18	22	0	14	76	15	17	18	0	19	0	11	10	0	0	10	0	14	10	18	0	13	0	0	10	28	13	0	0	0	54	0	0
20150601.tsv	42	0	12	0	12	0	22	73	0	14	93	0	19	0	0	63	13	0	10	10	46	39	17	10	0	24	0	0	0	0	0	0	0	0	11	18	0	0	0	0	22	14	29	0	0	0	72	12	0
20150602.tsv	44	0	11	0	17	0	16	72	0	13	100	0	21	0	0	53	173	20	13	0	56	23	19	26	11	28	0	10	0	0	0	15	15	0	0	15	0	11	0	0	27	23	10	0	0	21	58	12	13
20150603.tsv	21	0	15	0	12	0	13	53	0	18	81	0	13	0	10	49	318	29	14	0	41	44032	15	92	0	28	0	11	0	14	0	13	16	14	0	13	0	15	0	12	19	26	0	0	11	0	56	0	12
20150604.tsv	30	0	0	0	0	12	14	57	0	13	85	0	31	18	0	50	125	16	0	0	43	35	10	87	0	23	0	0	0	0	0	0	15	0	0	26	0	12	0	0	15	10	10	0	14	0	45	10	16
20150605.tsv	25	0	0	0	20	14	18	54	0	12	92	0	30	16	15	86	87	28	16	0	56	30	14	88	0	35	11	11	0	0	0	26	16	0	14	20	0	23	15	0	34	17	0	0	11	0	49	0	14
20150606.tsv	31	11	0	0	22	0	0	30	0	20	85	0	18	26	0	60	95	19	11	0	42	15	12	245	0	26	11	16	0	0	0	29	30	15	0	12	0	19	16	0	24	16	16	0	16	0	32	0	0
20150607.tsv	35	0	17	0	25	0	0	18	0	19	64	0	23	0	0	29	10	27	0	0	39	22	4275	76	0	40	0	0	0	0	0	19	12	10	10	13	0	14	17	0	36	25	13	0	18	0	50	0	13
20150608.tsv	47	0	0	0	23	12	35	31	0	15	92	0	26	0	0	24	0	28	14	0	52	18	2247	119	0	39	14	17	14	0	0	20	0	0	0	16	0	27	12	0	28	16	15	15	46	0	64	0	0
20150609.tsv	36	0	11	0	17	11	26	63	0	0	102	0	29	0	0	37	0	34	0	0	29	46	1552	396	0	28	10	0	0	0	0	29	17	10	0	17	12	17	10	17	23	15	13	0	86	11	74	17	11
20150610.tsv	49	0	0	0	13	12	13	89	0	0	108	0	17	0	11	24	0	47	17	0	33	50	746	834	0	26	10	12	11	0	10	0	13	14	11	15	23	0	0	0	35	17	15	0	59	0	70	0	0
20150611.tsv	21	0	16	0	13	0	10	43	0	0	82	0	19	0	0	26	0	23	19	10	18	34	354	488	0	36	0	0	0	0	0	14	11	0	0	0	0	13	10	11	15	20	0	0	45	0	63	0	0
20150612.tsv	27	0	11	0	25	11	10	58	0	14	98	0	34	15	0	32	11	27	16	11	29	20	329	333	0	27	10	11	0	0	0	12	43	0	0	10	14	0	10	0	11	14	14	0	35	0	64	10	25
20150613.tsv	45	0	0	0	13	0	10	18	0	32	94	0	16	11	10	26	0	28	11	13	23	24	242	240	0	22	0	0	0	0	0	13	11	25	10	0	11	0	0	0	10	13	15	0	19	11	41	10	0
20150614.tsv	21	0	0	0	15	0	12	23	0	0	141	0	15	0	0	35	0	19	0	0	22	11	255	4119	0	26	10	0	0	0	0	14	0	16	0	0	0	0	0	0	0	10	0	0	18	0	38	0	0
20150615.tsv	31	0	0	0	0	0	12	30	0	0	104	0	21	0	0	37	0	25	11	0	31	12	189	3360	0	22	13	0	0	0	0	11	13	0	0	0	13	0	0	0	0	17	0	0	16	11	65	0	10
20150616.tsv	26	0	0	0	14	0	11	49	0	12	95	12	28	14	20	34	0	26	16	0	14	35	228	2792	0	28	42	0	0	0	14	27	17	10	10	15	10	12	0	0	10	45	10	0	26	10	55	13	20
20150617.tsv	26	0	0	0	16	12	0	49	0	0	73	0	15	13	0	28	0	0	0	0	14	24	185	8622	14	67	36	10	0	11	11	0	24	16	0	14	0	20	16	0	14	21	0	0	19	0	54	0	73
20150618.tsv	29	0	0	0	19	0	0	31	0	0	77	0	15	10	0	24	0	24	0	0	17	22	152	4040	450	34	0	0	0	13	0	0	18	0	0	20	15	43	0	0	17	11	10	0	18	11	113	0	38
20150619.tsv	16	0	0	0	0	13	0	28	0	0	83	0	13	12	0	24	0	28	11	0	17	21	721	1568	323	14	28	0	0	0	0	0	17	0	0	21	0	0	32	0	33	15	14	0	14	18	52	15	0
20150620.tsv	21	0	0	0	15	11	10	13	10	0	78	0	26	0	0	28	0	19	0	0	16	15	347	2481	93	17	64	0	0	0	0	0	11	10	0	0	0	0	12	0	17	15	15	0	0	11	57	12	28
20150621.tsv	50	0	0	0	12	0	0	0	0	0	52	0	15	0	0	25	0	13	0	0	14	0	189	547	34	105	13	0	0	0	0	14	27	13	0	0	0	0	0	0	18	11	0	0	0	0	64	16	15
20150622.tsv	30	0	0	0	14	14	11	24	0	18	79	0	26	10	0	25	0	19	0	0	84	14	150	1037	15	28	26	12	20	0	0	11	42	0	0	17	0	0	0	0	0	12	24	0	0	0	220	16	13
20150623.tsv	33	0	0	0	14	13	0	13	0	11	89	0	30	0	0	31	0	24	0	0	14	19	142	693	21	71	57	0	0	0	0	0	27	10	0	11	0	0	0	0	0	19	27	0	0	0	133	14	15
20150624.tsv	32	0	0	0	15	10	0	0	0	0	69	0	17	0	0	23	0	0	0	0	19	0	129	414	232	91	16	0	16	0	0	20	44	13	0	0	0	0	11	0	14	21	0	0	0	11	125	10	21
20150625.tsv	19	0	0	0	0	0	0	10	0	0	90	0	24	0	0	13	0	20	0	0	10	22	179	297	81	43	16	0	0	0	0	11	89	0	0	0	0	0	11	0	12	18	0	0	0	0	79	0	20
20150626.tsv	33	0	0	0	0	0	0	0	0	0	57	10	21	0	0	14	0	10	10	0	16	17	87	635	77	27	16	0	0	0	0	0	36	0	0	16	0	0	0	0	18	12	19	0	0	0	53	0	20
20150627.tsv	14	0	0	0	0	0	0	19	0	0	60	0	15	0	0	10	0	0	0	0	18	21	79	271	45	25	21	0	0	0	0	0	22	0	0	0	0	0	0	0	16	0	12	0	0	0	50	15	12
20150628.tsv	17	0	0	0	0	0	0	0	0	0	53	0	22	0	0	18	0	10	0	0	17	13	53	109	35	29	79	0	0	0	0	0	22	12	0	12	0	0	0	0	16	0	11	0	0	14	50	12	0
20150629.tsv	22	0	0	0	13	0	0	12	0	0	55	0	18	0	0	17	0	11	0	0	24	16	62	114	64	71	121	0	0	0	0	0	48	0	0	11	0	0	0	0	27	13	0	0	0	17	41	0	12
20150630.tsv	17	0	0	0	16	0	0	0	0	0	83	0	14	0	0	23	0	14	11	0	21	11	46	166	45	7110	106	0	0	0	0	11	57	0	0	0	0	0	0	0	21	12	14	0	0	19	43	15	0
20150701.tsv	16	0	0	0	0	0	12	13	0	0	79	0	25	0	0	26	0	0	17	0	21	15	39	150	152	1584	187	0	0	0	0	23	17	0	0	0	0	0	14	0	10	15	10	0	0	48	29	0	12
20150702.tsv	14	0	0	0	10	10	12	13	0	0	81	0	17	0	0	13	0	0	20	10	18	28	206	108	58	573	93	0	0	0	0	11	27	0	0	0	0	0	12	0	15	11	12	0	0	49	48	10	11
20150703.tsv	47	0	13	0	0	0	0	0	0	0	83	0	17	0	0	14	0	10	26	0	12	15	75	111	211	283	98	0	11	0	0	16	0	0	0	0	0	0	0	0	11	0	0	0	0	14	29	0	12
20150704.tsv	34	11	0	0	0	0	0	0	0	0	91	0	17	0	0	14	0	13	11	0	11	19	106	5880	200	240	63	0	0	0	0	16	15	0	0	11	0	10	0	0	59	0	0	0	0	13	48	13	0
20150705.tsv	22	0	0	0	16	14	0	0	0	0	46	0	13	0	0	11	0	19	0	0	12	0	77	300	126	138	146	0	0	0	0	12	10	14	0	12	0	0	0	0	17	0	10	0	0	0	30	13	11
20150706.tsv	28	0	0	0	0	0	0	0	0	0	67	0	11	0	0	12	0	11	0	0	12	16	42	148	45	130	121	0	0	0	0	12	0	0	0	0	0	0	0	0	15	0	0	0	0	0	23	11	0
20150707.tsv	36	10	0	0	17	0	0	0	0	0	69	0	0	0	0	18	0	0	0	0	12	14	43	208	31	133	592	0	0	0	0	19	14	0	0	14	0	0	0	0	0	17	0	0	0	0	29	0	11
20150708.tsv	17	0	0	0	13	0	0	0	0	0	73	0	21	0	0	20	0	11	0	10	10	20	53	228	45	204	279	11	0	0	12	32	13	11	0	0	0	0	0	0	12	15	0	0	0	0	34	12	0
20150709.tsv	14	10	0	0	0	0	0	0	0	0	89	0	19	0	0	11	0	0	13	0	14	14	203	152	38	1104	208	0	0	0	0	33	15	0	0	14	0	0	0	0	23	14	16	11	0	0	39	0	15
20150710.tsv	27	0	0	0	16	0	0	14	0	0	69	14	28	19	0	17	0	32	0	0	21	13	68	112	104	324	88	10	0	0	0	31	0	10	12	12	13	0	0	0	16	15	15	0	0	0	27	11	43
20150711.tsv	16	0	0	0	0	0	0	12	0	0	54	0	12	0	0	0	0	16	0	0	24	0	76	83	38	174	54	10	0	0	0	30	0	0	0	0	0	14	0	0	15	0	28	0	0	11	20	10	18
20150712.tsv	12	18	0	0	0	0	0	0	0	0	44	0	24	0	0	11	0	0	0	0	0	12	60	87	0	83	48	0	0	0	0	33	12	10	0	13	19	16	13	0	12	12	11	0	0	0	70	0	11
20150713.tsv	33	0	0	0	13	0	0	0	0	0	64	0	0	94	0	10	0	0	0	0	10	31	39	64	0	87	60	1936	0	12	0	29	13	10	0	0	14	0	0	0	16	0	18	0	0	0	32	0	0
20150714.tsv	55	20	0	0	14	0	0	14	0	0	76	0	16	19	0	17	0	12	14	0	11	41	96	89	15	94	118	590	25	0	0	18	13	0	0	10	17	0	0	12	20	27	12	0	0	16	38	11	21
20150715.tsv	43	0	0	0	20	10	0	0	11	0	78	0	23	11	0	15	0	39	10	0	18	48	68	90	21	120	131	113	22	11	0	32	12	0	0	0	0	0	0	0	17	17	13	0	0	12	28	0	16
20150716.tsv	20	14	0	0	18	13	0	0	0	0	61	0	22	0	0	10	0	21	25	0	0	49	155	60	17	55	133	55	0	17	0	20	0	255	0	12	10	18	10	0	29	19	0	0	0	0	44	0	0
20150717.tsv	26	0	0	0	0	0	0	0	0	0	75	0	15	0	0	29	32	12	10	0	32	35	76	70	18	44	78	35	0	0	0	23	13	78	0	0	10	12	0	0	17	0	0	0	0	0	41	16	12
20150718.tsv	25	16	0	0	14	0	12	0	0	0	80	0	28	0	0	17	10	17	10	0	40	24	82	62	0	42	70	17	0	0	10	35	0	61	0	17	0	0	0	0	0	14	0	0	0	0	36	11	21
20150719.tsv	22	0	0	0	10	0	0	0	0	0	56	0	21	0	0	14	12	0	0	0	0	20	57	43	10	29	82	35	769	0	0	16	0	20	0	10	0	0	0	0	0	14	0	0	0	0	29	0	10
20150720.tsv	29	0	0	0	18	11	14	0	0	0	63	0	14	0	0	16	0	65	0	0	0	18	48	40	13	28	43	44	205	0	0	33	13	27	0	0	11	0	0	0	18	14	0	0	0	0	57	15	12
20150721.tsv	40	12	0	0	30	0	0	0	0	0	83	0	15	0	0	11	0	12	10	0	0	12	40	37	208	33	16	40	111	0	0	49	0	25	0	0	22	0	0	0	11	10	0	0	0	0	83	10	0
20150722.tsv	19	0	0	0	28	0	0	0	0	0	71	0	20	0	0	21	0	36	0	0	13	14	26	53	168	27	0	43	502	0	10	28	11	21	0	10	0	0	19	0	19	16	14	0	0	0	45	10	0
20150723.tsv	24	0	0	0	19	0	0	0	0	0	66	14	21	0	0	14	0	30	15	0	12	12	122	32	135	43	29	46	89	0	0	68	0	15	0	11	0	15	17	0	25	13	0	0	0	0	29	14	0
20150724.tsv	55	0	0	0	0	0	10	0	0	0	75	0	24	0	0	13	0	24	10	0	13	18	63	40	93	19	10	24	70	0	11	42	11	10	0	0	0	10	182	0	10	13	0	0	0	0	33	10	10
20150725.tsv	51	0	0	0	11	19	0	0	0	0	52	0	14	0	0	0	0	18	10	0	0	14	55	43	86	24	12	34	42	0	11	35	0	12	0	0	0	0	83	0	28	14	0	10	10	0	44	0	15
20150726.tsv	62	0	0	0	16	0	0	0	0	0	50	0	14	0	0	0	0	16	0	0	15	0	48	32	78	37	0	24	105	0	0	27	10	0	0	0	0	0	11	0	12	10	0	0	0	0	50	16	16
20150727.tsv	18	11	0	0	12	0	0	12	0	0	43	0	15	19	0	11	0	0	18	0	0	0	27	32	63	35	0	19	342	2624	0	28	11	0	0	0	0	11	11	0	0	0	0	0	0	0	45	16	14
20150728.tsv	31	0	0	0	0	0	0	0	0	0	57	0	11	20	0	14	0	0	27	0	0	13	32	30	15	30	41	46	127	309	463	42	0	13	0	0	0	0	67	0	16	14	0	0	14	0	46	0	11
20150729.tsv	43	0	0	0	19	11	0	0	0	0	73	0	21	0	0	14	0	43	14	0	0	22	30	54	0	42	17	69	44	71	482	46	12	17	0	0	0	0	0	0	0	17	0	0	0	0	62	12	12
20150730.tsv	33	0	0	0	31	11	0	0	0	0	71	12	23	0	13	16	0	42	14	0	16	0	92	39	13	49	32	103	49	46	334	39	0	0	0	0	0	11	0	0	37	16	0	0	0	0	38	10	14
20150731.tsv	19	0	0	0	20	14	0	0	0	0	59	15	19	0	0	11	0	54	16	0	0	16	35	25	0	23	14	74	23	46	213	36	0	20	0	0	0	0	0	0	25	10	12	0	0	0	35	10	0
20150801.tsv	20	0	0	0	0	0	11	11	0	0	44	0	14	0	0	11	0	38	10	0	0	15	52	29	0	48	0	39	26	33	97	56	32	10	0	0	0	0	0	0	14	0	0	0	0	0	41	0	11
20150802.tsv	16	0	0	0	13	0	0	0	0	0	51	0	21	0	0	0	0	28	0	0	11	12	36	14	0	60	0	27	28	13	69	38	19	14	0	0	0	0	0	0	10	0	0	0	0	0	34	10	10
20150803.tsv	16	10	0	0	15	0	0	0	0	0	54	0	17	21	0	11	0	33	0	0	0	0	22	13	11	29	0	35	30	23	56	51	0	12	0	11	0	0	0	0	16	20	13	0	0	0	35	0	14
20150804.tsv	21	10	0	0	10	0	0	0	0	0	64	0	18	18	0	0	0	24	17	0	13	16	30	26	0	49	0	46	40	29	70	85	12	15	0	0	0	0	10	0	17	15	0	0	0	0	43	0	17
20150805.tsv	24	0	0	0	16	0	0	0	0	0	57	0	18	16	0	10	0	16	18	0	0	16	23	34	12	30	0	39	12	17	104	88	10	0	0	0	0	0	0	0	15	22	0	0	0	0	38	0	16
20150806.tsv	14	0	0	0	11	0	0	0	0	0	65	0	22	471	0	13	0	15	12	0	10	0	87	20	0	20	17	50	0	16	71	101	12	0	0	0	0	0	0	0	20	15	0	0	0	0	29	0	20
20150807.tsv	0	0	0	0	12	10	0	0	0	0	44	0	14	113	0	0	0	16	0	0	0	16	56	25	14	29	16	28	18	10	54	134	12	14	0	0	0	11	0	0	0	16	0	0	0	0	35	0	12
20150808.tsv	10	0	0	0	10	13	10	0	0	0	42	0	19	24	0	0	0	34	15	0	12	15	36	21	0	25	0	30	13	0	56	171	16	14	0	15	0	0	0	0	14	12	0	0	0	0	136	10	19
20150809.tsv	28	0	0	0	16	0	0	0	0	0	38	0	11	0	0	10	0	15	0	0	10	0	30	22	10	20	0	24	0	0	31	177	26	12	10	10	0	0	0	0	0	12	10	0	0	0	283	0	0
20150810.tsv	13	0	0	0	0	0	0	0	0	0	67	0	16	13	0	0	0	0	0	0	14	0	24	15	15	27	0	21	13	0	33	222	11	15	0	0	0	0	0	0	13	0	0	0	0	0	61	12	15
20150811.tsv	22	0	0	0	16	0	0	12	0	0	66	14	18	0	0	13	0	17	0	0	10	21	90	25	14	29	0	36	0	18	27	420	96	13	0	12	0	0	0	0	27	12	0	0	0	0	43	14	16
20150812.tsv	21	0	0	0	23	14	10	0	0	0	73	0	17	0	0	14	0	15	10	0	29	91	50	17	0	20	0	23	20	11	20	563	29	0	0	0	0	0	0	0	13	23	0	0	0	0	50	0	16
20150813.tsv	26	24	0	0	33	0	0	10	0	0	61	0	32	0	0	10	0	11	13	0	11	28	72	13	0	28	10	33	10	11	361	2186	457	14	0	0	0	0	0	0	18	11	0	0	10	0	35	0	11
20150814.tsv	13	0	0	0	0	0	0	0	0	0	74	0	15	0	0	10	0	0	13	0	0	11	42	20	0	21	13	0	10	0	71	920	615	10	0	0	0	0	0	0	13	11	0	0	0	0	27	17	0
20150815.tsv	33	0	0	0	0	0	0	0	0	0	56	0	22	0	0	0	0	13	0	0	13	20	44	19	10	30	12	12	23	0	73	353	523	11	0	0	0	11	0	0	16	0	11	0	0	0	32	0	10
20150816.tsv	28	0	0	0	0	0	0	0	0	0	53	0	18	0	0	0	0	10	10	0	18	17	27	0	0	23	0	16	0	0	39	162	191	0	0	0	0	0	0	0	12	12	0	0	0	0	19	10	0
20150817.tsv	35	0	0	0	12	0	11	10	0	0	59	0	24	11	0	13	0	17	0	0	11	17	19	37	0	25	0	13	18	0	42	108	243	12	0	0	0	0	0	0	16	26	0	0	0	0	52	0	0
20150818.tsv	29	10	0	0	10	0	0	0	0	0	60	0	19	0	0	13	0	0	20	0	0	26	31	39	14	23	0	33	23	0	52	104	389	12	0	11	0	0	0	0	28	29	0	0	10	0	31	27	10
20150819.tsv	35	0	0	0	11	0	0	0	0	10	81	0	27	0	0	0	0	11	26	0	11	38	30	23	0	33	0	11	25	0	17	48	738	0	0	11	0	0	0	0	18	54	0	0	0	0	27	12	17
20150820.tsv	19	0	0	0	16	0	0	0	0	0	84	0	22	0	0	0	0	21	0	0	0	21	119	34	0	29	0	21	16	0	29	32	273	58	0	10	0	0	0	0	20	36	0	0	0	0	32	0	16
20150821.tsv	24	0	0	0	14	12	0	0	0	0	61	18	31	10	10	0	0	11	15	0	10	26	33	27	11	34	0	19	0	0	19	23	232	610	0	12	0	0	0	0	12	25	0	0	0	0	25	0	0
20150822.tsv	17	0	0	0	11	0	0	0	0	0	75	100	19	0	11	15	0	11	0	0	16	17	53	26	0	24	0	0	16	13	33	30	203	151	0	0	0	39	0	0	0	21	0	0	0	0	45	11	0
20150823.tsv	22	0	0	0	0	15	0	14	0	0	39	15	23	0	0	0	0	0	0	0	0	12	18	17	0	18	15	12	19	0	11	20	77	66	0	0	0	0	0	0	0	14	0	0	0	0	20	0	0
20150824.tsv	22	0	0	0	0	11	0	0	0	0	68	0	13	0	10	10	0	0	16	0	0	12	20	16	12	26	0	25	10	0	24	16	91	29	0	0	0	0	13	0	14	25	0	0	17	0	32	14	17
20150825.tsv	20	0	0	0	14	23	0	14	0	0	80	0	12	0	0	10	0	20	16	0	19	25	43	10	0	21	15	16	21	0	20	15	176	47	0	12	0	14	14	0	16	17	0	0	12	0	21	0	13
20150826.tsv	18	0	0	0	11	10	0	11	0	0	74	0	22	0	11	12	0	14	17	0	15	15	154	15	0	29	0	17	27	0	19	14	97	49	17	0	0	0	14	0	59	18	10	0	10	0	29	16	22
20150827.tsv	24	0	0	0	10	11	11	0	0	0	81	0	22	0	0	21	0	17	21	0	0	15	39	11	0	15	0	18	15	12	38	19	117	27	0	32	0	0	0	0	24	23	0	0	0	0	33	10	68
20150828.tsv	31	0	0	0	22	0	0	0	0	10	123	0	18	0	0	21	0	16	0	0	0	21	26	73	0	22	0	0	0	0	19	16	184	12	0	30	0	0	0	0	20	24	0	0	0	0	38	0	19
20150829.tsv	14	15	0	0	0	12	0	14	0	0	99	0	26	11	0	0	0	0	11	0	0	13	39	34	11	17	0	0	10	0	17	0	66	23	809	0	0	0	0	0	12	13	0	0	0	0	33	11	0
20150830.tsv	20	0	0	0	20	0	0	0	0	0	49	0	13	0	0	12	0	0	0	0	14	0	16	17	0	27	0	0	17	0	21	0	53	16	127	12	0	0	0	0	17	0	0	0	0	0	32	0	0
20150831.tsv	28	0	0	0	15	0	0	0	0	0	63	0	16	0	0	0	0	12	13	0	12	12	16	19	0	25	0	15	14	0	0	12	25	0	47	12	0	0	0	0	13	0	0	0	0	0	46	0	11
20150901.tsv	23	0	10	0	13	13	0	0	0	0	81	0	24	0	0	12	0	13	0	0	13	15	21	42	0	16	0	11	18	0	12	16	60	13	75	19	0	0	10	0	25	12	12	0	0	26	48	14	11
20150902.tsv	17	0	0	0	14	0	0	0	0	0	74	0	15	0	0	0	0	0	13	0	0	17	13	31	0	12	0	16	16	0	16	11	45	13	49	37	0	0	11	0	20	19	0	0	0	0	39	0	11
20150903.tsv	19	0	0	0	18	10	0	0	0	10	75	0	20	0	0	15	0	14	0	0	11	18	13	26	11	33	0	11	0	12	38	0	45	11	22	21	12	10	17	0	25	25	0	0	0	0	49	10	0
20150904.tsv	19	0	0	0	15	0	0	16	0	0	72	0	12	11	0	0	0	13	0	0	0	16	26	39	0	312	0	10	13	0	0	23	38	10	18	1261	0	0	12	0	33	13	0	0	0	0	28	20	0
20150905.tsv	19	0	0	0	20	0	0	19	0	0	72	0	17	0	0	0	0	12	0	0	0	11	22	34	0	65	0	12	0	0	10	13	79	11	19	482	0	0	0	0	24	13	10	0	0	0	63	19	0
20150906.tsv	10	0	0	0	15	10	0	11	0	0	76	0	0	0	0	0	0	0	0	0	0	13	25	19	0	25	0	22	12	0	0	0	29	0	11	178	0	0	0	0	11	11	0	0	0	0	36	21	11
20150907.tsv	13	0	0	0	15	13	0	12	0	0	71	0	17	0	0	13	0	0	0	0	13	15	13	22	0	31	0	13	15	0	16	16	35	16	13	69	15	0	15	0	15	16	0	0	0	0	152	17	0
20150908.tsv	10	0	0	0	18	13	0	46	0	0	77	0	21	0	0	12	0	11	0	0	0	26	13	11	17	21	0	0	16	0	11	43	47	109	29	34	11	0	10	0	10	12	0	16	0	0	145	0	0
20150909.tsv	32	0	0	0	13	12	0	47	0	0	86	0	20	0	0	0	0	0	0	0	0	28	50	21	0	35	0	0	0	0	10	25	59	39	19	54	16	0	0	0	20	12	12	0	12	0	40	0	11
20150910.tsv	26	0	0	0	15	0	10	35	0	0	93	0	14	0	0	15	0	0	10	0	10	14	35	21	0	36	0	10	0	0	0	16	39	36	20	16	997	0	12	10	10	20	0	0	0	0	38	0	0
20150911.tsv	42	0	0	0	12	0	0	32	0	0	67	0	27	0	0	0	0	0	0	0	0	23	24	17	0	29	0	0	0	0	11	17	37	11	13	23	201	0	13	0	20	11	0	0	0	0	38	0	13
20150912.tsv	31	0	0	0	17	0	0	25	0	12	74	11	22	0	10	0	0	0	0	0	16	16	22	18	0	17	0	17	0	10	15	12	253	14	17	15	59	0	17	0	17	18	0	0	0	0	29	0	10
20150913.tsv	26	14	0	0	15	11	0	15	0	0	49	0	20	0	0	10	0	0	0	0	0	19	0	20	0	12	0	16	10	0	0	15	84	17	0	0	22	0	11	0	16	15	0	0	0	0	50	12	0
20150914.tsv	29	13	0	0	18	10	0	27	0	0	62	0	26	0	0	13	0	13	10	0	12	18	18	11	0	25	0	0	0	0	0	24	44	13	0	16	18	10	0	0	0	14	0	0	0	0	49	16	19
20150915.tsv	12	0	0	0	23	0	0	41	0	0	82	0	19	13	0	0	0	12	11	0	14	26	0	20	0	15	0	0	10	0	11	11	53	10	23	11	25	0	0	13	11	24	0	0	0	0	48	14	24
20150916.tsv	19	0	0	0	14	13	0	27	13	13	74	0	23	0	0	13	0	0	12	0	12	21	48	24	0	42	0	16	0	10	16	11	52	19	0	24	43	10	0	12	0	17	12	12	0	0	68	0	11
20150917.tsv	29	0	10	0	15	26	10	49	0	0	78	0	23	11	0	0	0	20	0	0	0	31	16	18	0	20	0	0	13	14	11	0	61	13	0	14	10	11	0	24	13	24	13	0	0	0	67	13	0
20150918.tsv	29	0	0	0	10	18	0	33	0	0	78	0	19	0	0	11	0	13	10	0	0	15	12	42	17	20	0	0	0	11	0	0	62	13	38	38	15	0	16	20	13	16	0	0	0	0	73	18	16
20150919.tsv	67	0	0	0	0	0	0	34	0	0	88	0	34	0	0	0	0	12	11	0	11	12	0	15	0	12	12	15	0	0	0	0	54	17	28	0	20	0	10	11	13	17	0	0	0	0	37	24	0
20150920.tsv	16	0	0	0	16	0	0	23	0	0	62	0	12	0	0	0	0	12	10	0	13	0	11	21	0	18	0	10	12	0	0	0	19	0	0	14	15	15	22	11	17	18	15	0	0	0	59	0	14
20150921.tsv	47	0	0	0	26	0	0	32	0	0	79	0	19	0	0	0	0	0	0	0	21	24	29	17	0	32	0	10	11	0	0	12	24	17	15	17	0	3230	33	30	14	23	0	0	0	0	57	19	245
20150922.tsv	28	0	0	0	17	0	0	48	0	0	64	0	28	0	0	10	0	11	12	0	10	16	14	29	0	16	15	0	12	0	0	11	42	14	24	24	13	2177	25	107	16	17	0	0	0	0	66	49	64
20150923.tsv	23	0	0	0	0	0	0	55	0	0	74	0	23	0	0	21	0	15	11	0	0	30	13	69	0	32	13	11	11	0	12	0	41	0	23	27	35	2294	483	164	16	55	0	0	0	0	48	35	26
20150924.tsv	35	0	0	0	22	0	0	30	0	0	76	0	30	0	0	17	0	13	14	0	10	20	16	32	0	18	18	0	0	10	16	0	31	14	23	23	17	868	608	199	0	48	18	0	0	0	47	23	19
20150925.tsv	45	10	0	0	12	0	0	49	0	0	75	0	25	0	0	30	0	10	0	0	0	23	28	23	0	26	0	10	18	0	0	13	60	16	26	11	17	531	569	271	17	25	0	0	0	20	31	15	22
20150926.tsv	24	0	0	0	14	0	0	20	0	0	77	0	20	0	0	0	0	0	0	0	10	29	12	18	11	27	0	0	31	0	0	17	66	10	22	28	18	290	580	128	0	14	0	0	0	10	27	16	18
20150927.tsv	17	13	0	0	16	0	0	12	0	0	46	0	24	0	0	0	0	13	0	0	14	18	12	17	0	20	0	0	13	0	0	0	26	0	41	27	13	346	471	89	11	77	0	0	0	0	50	14	16
20150928.tsv	20	17	0	0	18	0	10	16	0	0	57	0	20	0	0	10	0	15	0	0	11	23	13	13	0	27	0	0	24	0	0	12	22	0	52	10	12	205	466	178	21	30	0	0	0	10	66	15	14
20150929.tsv	19	12	0	0	20	11	0	47	0	0	69	0	12	0	0	10	0	0	0	0	0	13	0	0	0	16	0	130	0	0	0	14	20	0	48	23	22	124	24	330	13	29	0	0	0	0	41	13	12
20150930.tsv	26	11	0	0	22	11	0	51	0	0	92	0	17	0	0	15	0	17	12	0	11	31	0	18	0	26	0	28	10	11	0	13	40	0	89	15	27	133	25	347	12	25	13	0	10	0	61	17	0
20151001.tsv	0	0	0	0	12	0	0	47	0	0	64	0	22	0	0	13	0	10	14	0	0	15	18	23	0	20	0	24	0	0	12	0	29	0	297	28	0	73	11	268	17	18	0	0	0	0	43	0	13
20151002.tsv	17	0	0	0	12	0	20	56	0	0	76	0	31	0	0	0	0	10	10	0	11	30	0	13	0	22	0	0	0	12	0	0	21	12	1004	13	0	107	13	491	26	15	0	0	0	0	45	10	13
20151003.tsv	10	0	0	0	16	0	0	13	0	0	60	0	30	0	0	0	0	0	11	0	12	23	14	16	0	16	0	17	0	0	0	0	76	11	162	15	10	70	17	143	11	17	0	0	0	0	31	17	19
20151004.tsv	0	0	0	0	21	18	0	0	0	0	50	0	24	0	0	11	0	0	0	0	0	13	13	12	0	40	0	44	11	0	0	0	27	12	41	13	19	61	20	130	11	25	37	0	0	0	47	18	13
20151005.tsv	22	10	0	0	32	0	12	51	0	0	62	0	23	0	0	0	0	14	0	0	0	21	0	16	0	26	0	33	0	0	0	17	50	13	23	48	20	74	29	255	0	18	0	0	0	11	40	15	17
20151006.tsv	17	0	0	0	17	0	0	30	0	0	63	0	15	0	13	0	0	10	10	0	0	39	0	11	0	16	0	13	10	0	0	0	31	0	17	36	14	193	19	494	14	19	0	0	12	11	36	11	23
20151007.tsv	15	11	0	0	18	11	0	91	0	11	81	0	21	0	0	14	0	14	0	0	10	31	12	0	11	19	0	0	0	0	0	12	33	17	11	20	14	90	11	310	15	14	16	0	0	11	44	22	11
20151008.tsv	15	0	0	0	16	11	0	41	0	0	55	0	34	0	0	0	0	16	27	0	16	25	17	16	0	22	0	0	0	0	15	11	66	10	0	23	0	58	16	299	22	21	26	0	0	15	67	25	19
20151009.tsv	17	0	0	0	22	12	0	57	0	0	55	0	24	0	0	24	0	11	15	0	0	27	17	14	0	18	0	17	0	0	0	10	54	11	15	12	20	66	14	214	735	16	15	0	0	0	56	17	14
20151010.tsv	16	0	0	0	24	13	0	23	0	0	56	0	27	10	0	14	0	10	14	0	0	42	10	10	0	20	0	0	0	0	0	0	32	16	0	0	46	156	13	118	3394	14	0	0	0	10	51	22	15
20151011.tsv	25	14	0	0	28	10	0	10	0	0	72	0	10	0	0	15	0	11	0	0	16	32	0	13	0	30	0	0	0	0	0	0	28	29	15	0	0	66	11	60	809	14	11	0	17	0	28	16	14
20151012.tsv	24	0	0	0	26	19	0	39	0	10	67	0	23	11	0	0	0	0	13	0	17	32	13	20	0	25	0	179	18	0	0	11	24	11	0	0	0	49	20	155	334	14	0	0	16	0	43	20	0
20151013.tsv	13	0	0	0	14	0	0	74	0	0	70	0	24	13	0	0	0	11	11	0	0	29	12	30	0	36	0	41	0	12	0	0	69	0	14	20	11	26	13	252	1296	19	0	0	18	0	48	13	12
20151014.tsv	27	10	0	0	14	0	0	38	0	0	68	0	32	0	0	12	0	10	0	0	0	36	0	24	0	34	0	0	0	12	10	27	121	16	0	13	28	47	0	192	371	2162	0	0	10	0	45	14	10
20151015.tsv	27	0	0	0	13	16	0	49	0	0	71	0	33	0	0	0	0	0	26	0	13	32	0	24	0	28	0	15	0	18	0	16	32	15	0	25	0	46	14	180	145	1037	0	0	0	0	40	27	13
20151016.tsv	37	10	0	0	13	0	0	51	0	0	74	0	34	0	0	17	0	0	0	0	13	26	13	48	0	23	0	14	0	0	0	0	41	11	0	20	11	89	16	211	85	630	0	14	0	0	28	11	15
20151017.tsv	35	0	14	0	14	0	0	42	0	0	78	0	40	0	0	0	0	12	0	0	10	21	15	19	0	18	0	0	0	0	0	0	31	0	0	14	0	145	0	54	52	395	0	0	0	0	252	0	20
20151018.tsv	24	0	0	0	22	0	0	17	0	80	52	0	18	0	0	10	0	17	0	0	0	12	14	12	0	30	0	0	0	0	0	0	15	0	0	14	12	64	10	48	25	296	11	0	0	0	230	0	12
20151019.tsv	27	12	0	0	26	0	0	41	0	0	62	0	21	0	0	19	0	0	0	0	0	29	22	0	0	20	0	0	0	14	0	11	129	10	0	16	15	58	15	100	37	313	10	0	10	0	44	15	18
20151020.tsv	37	0	0	0	18	12	10	40	0	0	83	0	28	10	0	12	0	12	15	0	0	25	23	25	0	18	0	0	10	0	0	14	24	13	0	26	30	45	0	140	49	290	0	0	10	0	53	12	17
20151021.tsv	26	0	0	0	16	32	0	77	0	10	92	0	26	0	0	16	0	13	0	0	0	33	15	14	0	28	0	0	0	12	0	0	25	12	0	24	48	26	0	156	76	265	0	0	14	0	54	14	14
20151022.tsv	16	0	0	0	16	16	0	60	0	13	77	0	21	0	0	13	0	16	11	0	0	31	11	18	0	22	0	0	11	0	0	0	30	0	10	18	10	46	12	47	34	258	0	0	12	0	46	0	13
20151023.tsv	18	0	0	0	11	13	17	99	0	0	60	0	35	0	0	0	0	21	0	0	11	20	12	22	0	43	0	13	0	12	0	0	17	11	11	27	15	56	19	85	58	356	0	0	0	0	54	0	13
20151024.tsv	28	0	0	0	19	11	0	23	0	10	57	0	28	0	0	0	0	0	20	0	17	18	14	0	0	25	0	12	0	10	0	0	44	14	0	0	15	30	18	0	60	245	11665	0	0	0	43	0	11
20151025.tsv	23	0	0	0	25	13	0	28	0	20	49	0	14	0	0	12	0	0	0	0	0	26	18	12	0	21	0	24	0	0	0	0	27	0	0	16	0	28	13	15	61	24	2289	0	0	0	49	18	0
20151026.tsv	24	0	0	0	20	10	11	52	0	13	65	12	20	0	0	10	0	10	11	0	0	23	18	16	0	41	0	0	0	0	0	13	31	0	12	13	14	44	27	18	56	28	922	0	11	0	41	16	24
20151027.tsv	14	10	0	0	18	13	0	52	0	79	71	0	22	0	0	10	0	10	16	0	0	37	15	25	0	29	0	16	15	11	0	21	22	0	0	13	53	50	17	31	94	35	390	0	0	0	48	15	21
20151028.tsv	28	14	0	0	18	22	0	37	0	0	65	0	34	12	0	13	0	0	10	0	10	22	13	0	12	29	10	10	19	0	17	0	23	13	13	16	35	31	14	22	38	223	92	17	0	0	34	12	17
20151029.tsv	10	0	0	0	13	14	0	18	0	13	74	0	20	0	0	0	0	15	0	0	0	27	27	12	0	31	0	0	0	0	12	0	24	14	0	17	0	49	0	20	40	29	52	699	0	0	40	16	0
20151030.tsv	29	0	10	0	20	16	0	22	0	0	62	0	17	0	0	13	0	0	12	0	10	34	20	12	0	27	0	15	0	0	13	12	25	16	0	0	15	47	10	13	38	29	51	158	16	0	34	25	19
20151031.tsv	39	12	0	0	16	0	0	14	0	0	75	0	32	0	0	11	0	13	20	0	12	18	21	12	10	39	0	0	10	0	10	0	27	0	0	13	0	72	0	0	55	83	20	13	0	0	55	21	0
20151101.tsv	21	0	0	0	32	10	0	11	0	0	50	0	15	0	0	0	0	0	0	0	10	12	10	25	0	35	0	11	0	0	0	17	19	12	0	17	10	34	17	20	59	41	13	83	0	0	231	11	13
20151102.tsv	27	0	0	0	19	12	0	34	0	0	110	0	28	0	10	11	0	18	14	0	16	29	0	12	0	33	0	0	10	0	10	16	28	0	0	18	14	35	14	38	40	23	24	65	113	12	247	16	0
20151103.tsv	33	0	0	0	32	0	0	52	0	0	108	14	26	0	0	0	0	18	10	0	11	26	0	20	11	30	0	16	10	0	0	19	35	12	0	0	0	51	0	49	69	26	55	75	683	12	260	14	0
20151104.tsv	18	10	0	0	19	0	0	64	0	11	131	0	17	14	11	0	0	13	32	0	0	24	15	0	0	48	0	18	11	0	10	21	12	13	0	22	29	44	0	22	89	28	32	69	617	0	44	13	24
20151105.tsv	15	0	0	0	13	10	0	52	0	11	84	0	28	0	0	14	0	12	16	0	0	21	0	11	11	21	0	12	0	10	0	44	39	0	0	0	35	52	13	0	65	43	27	74	602	0	91	51	26
20151106.tsv	15	0	0	0	25	11	0	46	0	80	74	0	31	19	0	0	0	15	14	0	0	21	16	11	0	17	0	0	0	0	12	24	19	0	12	0	21	25	16	13	35	31	27	46	589	0	65	41	30
20151107.tsv	12	11	0	0	11	17	0	21	0	17	92	0	20	0	0	13	0	24	10	0	0	20	11	0	0	18	0	0	0	0	0	16	21	0	0	16	0	28	10	0	94	53	37	23	33	0	36	35	26
20151108.tsv	17	0	0	0	0	0	0	38	0	0	61	0	24	10	0	0	0	16	12	0	15	22	12	0	0	39	0	12	0	0	10	0	21	0	11	18	13	19	10	0	50	18	21	32	579	0	46	38	20
20151109.tsv	19	0	0	0	16	11	0	36	0	81	78	0	37	10	0	10	0	0	18	0	12	23	14	20	0	34	0	12	0	0	17	10	39	10	0	16	12	23	0	25	45	12	30	25	583	0	70	25	12
20151110.tsv	28	0	0	0	25	11	11	49	0	0	81	0	53	11	0	17	0	24	20	10	0	13	13	12	0	21	0	0	0	0	20	16	40	0	12	13	14	54	12	0	42	23	48	14	585	0	58	29	17
20151111.tsv	27	0	0	0	28	0	0	29	0	0	75	14	22	10	11	13	0	13	12	0	0	24	13	12	0	20	0	0	11	0	10	10	45	11	0	13	17	30	0	0	37	22	33	24	592	0	65	23	26
20151112.tsv	12	0	0	0	13	12	0	46	0	0	79	0	54	0	0	0	0	17	18	0	0	23	11	14	0	16	0	0	0	14	12	0	29	0	0	0	16	26	16	0	151	17	26	0	87	0	57	27	23
20151113.tsv	24	0	0	0	18	12	0	59	0	0	76	13	28	0	0	13	0	0	16	0	0	30	11	0	0	18	0	13	0	0	0	26	38	0	0	16	44	96	17	14	101	20	40	18	1080	0	86	23	16
20151114.tsv	19	13	0	0	13	0	0	82	0	0	67	0	39	0	0	0	0	19	17	0	0	16	12	17	16	14	0	11	10	10	10	35	24	11	0	21	0	34	0	11	79	29	21	11	577	167	43	25	0
20151115.tsv	12	137	0	0	14	13	0	0	0	0	50	0	21	0	0	10	0	12	0	0	0	17	12	0	0	21	0	0	13	15	12	0	19	10	0	11	0	12	10	0	39	16	35	11	0	3813	50	49	25
20151116.tsv	27	61	0	0	22	10	0	43	0	76	79	0	35	0	10	0	0	0	15	0	14	21	25	21	0	19	0	15	18	11	0	0	31	10	0	11	0	13	12	0	43	16	19	11	0	1549	78	38	12
20151117.tsv	18	45	0	0	18	12	0	25	0	72	81	0	21	13	0	0	0	11	15	0	0	26	11	13	0	26	0	0	11	11	0	14	41	10	0	14	0	24	0	0	59	12	20	20	0	1118	111	33	13
20151118.tsv	17	32	0	0	18	29	0	46	0	0	74	0	27	0	0	0	0	12	16	0	0	26	15	0	0	20	0	10	0	15	0	0	30	0	0	0	13	25	135	0	63	27	22	44	0	395	333	30	15
20151119.tsv	26	129	0	0	18	18	0	48	0	10	77	0	44	10	0	0	0	0	27	0	0	21	15	12	0	22	0	0	14	0	0	32	34	0	0	0	12	27	120	0	66	23	22	24	11	299	375	32	12
20151120.tsv	20	49	0	0	11	22	0	33	0	12	86	0	28	49	12	0	0	15	19	0	0	21	17	16	0	20	0	0	10	15	0	56	33	0	0	22	23	34	0	0	71	17	14	18	10	178	213	19	14
20151121.tsv	23	421	0	0	0	10	0	35	0	0	72	0	19	22	11	0	0	17	10	0	0	21	16	0	0	27	0	11	0	12	12	23	30	0	0	22	12	109	0	0	69	25	43	0	0	110	28553	24	14
20151122.tsv	13	54	10	0	11	0	0	20	19	0	67	0	21	15	0	0	0	121	0	0	0	16	20	0	0	19	0	0	0	0	0	0	24	0	10	26	0	35	0	0	47	19	37	11	12	70	2331	24	12
20151123.tsv	25	47	0	0	15	23	0	38	0	0	101	0	24	10	0	0	0	51	0	0	18	31	21	12	0	31	0	0	0	36	0	0	12	11	0	49	0	44	27	17	38	21	19	13	14	476	620	13	13
20151124.tsv	20	37	0	0	20	11	11	39	0	0	115	0	21	10	0	13	0	17	22	0	18	33	15	10	0	22	0	0	10	22	0	31	32	0	14	24	13	22	0	0	42	19	46	13	0	70	372	24	23
20151125.tsv	31	20	10	0	13	16	0	45	0	0	83	0	34	14	10	0	0	21	21	0	10	25	20	0	0	34	0	0	0	22	0	36	33	0	0	13	26	38	0	0	46	24	23	12	21	69	210	29	11
20151126.tsv	20	0	0	0	15	18	0	44	0	0	81	0	24	10	0	16	0	13	11	0	0	33	10	12	11	21	0	10	13	44	0	22	38	10	0	10	0	28	0	0	78	19	24	0	27	54	137	15	13
20151127.tsv	21	18	0	0	16	12	0	31	0	0	93	0	30	0	0	0	0	0	0	0	10	26	10	10	0	17	0	14	0	20	0	24	26	0	12	12	12	17	14	0	29	27	18	17	21	195	124	24	14
20151128.tsv	17	11	0	0	14	10	0	13	0	0	68	0	33	19	0	0	0	0	13	0	0	12	0	0	0	34	0	0	0	12	22	17	41	0	0	38	14	71	10	0	56	19	0	0	23	75	120	46	0
20151129.tsv	36	20	0	0	18	11	0	39	0	0	61	0	18	0	0	0	0	0	11	0	10	16	11	0	0	51	0	16	0	0	0	0	24	0	0	37	0	34	0	11	27	19	0	0	13	39	131	313	14
20151130.tsv	30	11	0	0	21	17	0	48	12	0	87	0	30	0	0	0	0	15	12	0	14	0	24	0	0	28	0	0	0	11	0	0	19	0	13	32	0	15	15	0	36	22	0	13	18	49	152	546	10
20151201.tsv	31	10	0	0	19	24	0	63	0	14	108	0	28	0	0	11	0	11	17	0	0	16	16	0	0	33	0	13	11	37	0	27	51	16	0	31	14	20	13	11	47	20	32	0	27	30	92	399	0
20151202.tsv	25	0	0	0	13	23	0	39	0	18	105	0	35	0	0	0	0	15	10	0	0	38	10	12	0	44	0	0	0	21	0	25	28	0	0	21	0	15	0	0	75	21	14	0	20	33	70	170	45
20151203.tsv	14	12	0	0	14	23	0	20	11	0	77	0	35	0	0	0	0	0	25	0	14	42	10	0	0	28	0	10	0	0	23	29	42	0	12	12	10	17	13	0	25	27	17	14	19	33	75	98	23
20151204.tsv	32	0	0	0	14	0	0	41	38	0	76	10	31	0	0	0	0	19	18	0	0	26	14	12	0	25	0	0	10	23	15	29	63	0	0	28	0	0	223	10	44	17	0	20	0	13	56	88	15
20151205.tsv	42	0	0	0	22	16	11	19	0	11	70	0	31	0	0	12	0	12	22	14	13	24	11	0	10	22	0	0	15	0	13	15	50	14	0	22	0	21	308	0	60	19	16	24	12	18	118	91	2726
20151206.tsv	18	0	0	0	20	13	0	16	13	0	76	0	29	0	0	19	0	0	0	0	0	12	10	0	21	31	0	10	0	0	0	0	32	0	0	27	0	20	220	0	102	16	0	0	12	17	82	77	2264
20151207.tsv	10	13	0	0	18	11	13	19	0	0	86	0	27	0	0	14	0	10	10	0	10	24	10	0	13	24	0	0	0	0	0	0	38	0	0	0	0	14	33	0	60	19	0	0	16	22	100	84	2003
20151208.tsv	38	0	0	0	23	23	47	31	0	0	98	0	30	0	0	10	0	0	23	0	0	23	11	0	15	28	0	0	0	0	17	23	39	0	0	22	12	16	212	0	39	19	13	0	0	23	165	111	1864
20151209.tsv	19	0	0	0	12	13	10	73	0	0	96	0	34	0	0	10	0	20	16	0	0	43	12	10	10	27	0	11	0	13	0	27	35	0	19	16	12	23	229	0	68	18	24	0	0	185	70	88	2545
20151210.tsv	30	0	12	0	0	17	0	35	11	0	102	10	35	13	10	0	0	12	31	0	10	26	15	10	13	32	0	0	0	0	0	38	42	0	38	29	20	18	260	13	82	20	0	12	0	161	71	73	935
20151211.tsv	26	11	0	0	20	12	0	68	0	0	85	0	39	0	0	10	0	14	20	0	10	41	14	23	0	38	0	0	10	0	13	14	50	0	54	32	11	15	168	0	60	22	0	27	0	94	49	55	1007
20151212.tsv	23	0	0	0	13	15	0	27	0	0	88	0	37	0	0	0	0	0	11	0	0	30	17	0	10	19	0	0	0	0	0	29	33	0	34	38	11	17	19	0	54	14	0	12	0	76	67	37	414
20151213.tsv	29	0	0	0	11	0	0	18	11	10	58	0	24	0	0	0	0	0	10	0	0	23	15	10	0	24	0	0	0	0	0	0	22	15	0	10	0	13	0	0	45	13	15	0	0	20	51	44	441
20151214.tsv	22	16	0	0	22	12	15	38	0	0	82	0	35	10	0	0	0	14	11	0	13	31	13	0	12	19	0	0	0	11	0	15	28	0	11	16	0	14	11	0	41	33	11	11	0	25	48	33	294